TopLevel,SecondLevel,ThirdLevel,FourthLevel,FifthLevel,Keyword,StartRank,EndRank,RankChange,EndClicks,ClicksChange,SearchVolume,01/2025,02/2025,03/2025,04/2025,05/2025,06/2025,07/2025,08/2025,09/2025,10/2025,11/2025,12/2025,01/2026
box,,,,,conex box near me,,14,,2,2,170,,,,,,,,,,,,14,
box,,,,,conex storage boxes,,43,,0,0,145,,13,14,38,22,,22,27,,33,23,,43
box,,,,,conex box military,,28,,0,0,40,,,91,,,,,,,,,28,
box,,,,,buy used conex box,,36,,0,0,28,,,,,,,,,,,,36,
box,,,,,where to buy a conex box,,29,,0,0,8,,,,,,,,,,,38,,29
box,,,,,what is conex box,,80,,0,0,12,,,,,,60,75,,75,87,80,,
box,,,,,conex box for sale las vegas,,37,,0,0,,,,,,,,,,,,,37,
box,,,,,sea box connex,,29,,0,0,,,,,,,,,,,,29,,
buy,,,,,where to buy conex containers,,29,,0,0,90,,,,,,,,,,65,36,,29
buy,,,,,who buys shipping containers,,19,,0,0,28,,,,,,,,,,,19,,
buy,,,,,buy used conex box,,36,,0,0,28,,,,,,,,,,,,36,
buy,,,,,where to buy a conex box,,29,,0,0,8,,,,,,,,,,,38,,29
buy,,,,,where can i buy a conex container,,36,,0,0,,,,,,,,,,30,47,36,,36
conex,,,,,conex shipping container for sale,,16,,2,2,210,,,,,,,,,,,,16,
conex,,,,,conex military,,16,,0,0,50,,98,,,,,,58,,10,15,,16
conex,,,,,conex units,,17,,0,0,28,,,71,,,,,,42,,36,17,
conex,,,,,conex or connex,,35,,0,0,44,,,65,,,,11,,,,35,,
conex,,,,,conex shop,,77,,0,0,90,,64,,87,64,85,,,,,,77,
conex,,,,,conex workshop,,68,,0,0,44,,,,,,,,,,,68,,
conex,,,,,conex price,,23,,0,0,12,,,,,,,30,26,,,,23,
conex,,,,,conex for sale anchorage alaska,,46,,0,0,,,,,,,,,,,,46,,
conex,,,,,conex barndominium,,45,,0,0,,,,,,,,,,,44,45,,
conex,,,,,conex trucking,,49,,0,0,,,,,,,,,,,,,49,
conex,,,,,conex for sale in alaska,,57,,0,0,,,,,,,,,,,,57,,
conex,,,,,conex accessories,,49,,0,0,,,,,,,,,38,,48,59,,49
conex,,,,,conex vs connex,,24,,0,0,,,,,,,,,,36,35,20,,24
conex,,,,,used conex coupon code,,11,,0,0,,,,,,,,,,,,11,,
conex,,,,,conex hub,,37,,0,0,,,49,,,,51,,45,,26,32,37,
conex,,,,,conex usa,,22,,0,0,,,,,,,,,,26,43,19,,22
conex,,,,,conex hub anza,,26,,0,0,,,,,,,,,,,,,26,
conex,,,,,conex for sale fairbanks ak,,36,,0,0,,,,,,,,,,32,39,,36,
conex,,,,,used conex careers,,46,,0,0,,,,,,,,,,,,57,,46
conex,,,,,used conex login,,60,,0,0,,,,,,,,,,46,66,60,,
conex,,,,,conex depot inc,,25,,0,0,,,,,,,,,,,49,,,25
conex,,,,,used conex review,,34,,0,0,,,,,,,,,,,,,34,
conex,box,,,,conex box military,,28,,0,0,40,,,91,,,,,,,,,28,
conex,box,,,,what is conex box,,80,,0,0,12,,,,,,60,75,,75,87,80,,
conex,box,,,,conex box for sale las vegas,,37,,0,0,,,,,,,,,,,,,37,
conex,box,buy,,,buy used conex box,,36,,0,0,28,,,,,,,,,,,,36,
conex,box,buy,,,where to buy a conex box,,29,,0,0,8,,,,,,,,,,,38,,29
conex,buy,,,,where to buy conex containers,,29,,0,0,90,,,,,,,,,,65,36,,29
conex,buy,,,,where can i buy a conex container,,36,,0,0,,,,,,,,,,30,47,36,,36
conex,conex llc,,,,freedom conex llc,,1,,0,0,,,,,,,,,1,,,,1,
conex,conex llc,,,,used conex llc,,13,,0,0,,,,,,,,17,,17,,,13,
conex,conex llc,,,,carib conex llc,,39,,0,0,,,,,,,,,,,,,39,
conex,conex llc,,,,usedconex com used conex llc,,33,,0,0,,,,,,,,,,,,,33,
conex,conex llc,jobs,,,jobs at used conex llc,,28,,0,0,,,,,,,,,,,,38,,28
conex,conex storage,,,,conex storage containers for sale,,18,,8,8,870,,45,,47,48,23,20,,,29,22,,18
conex,conex storage,box,,,conex storage boxes,,43,,0,0,145,,13,14,38,22,,22,27,,33,23,,43
conex,conex storage,near,,,conex storage containers for sale near me,,23,,6,6,870,,,,,,,,,,13,23,,
conex,conex storage,near,,,conex storage containers near me,,15,,2,2,200,,,,,,,,,,12,15,,
conex,conex storage,near,,,storage conex for sale near me,,38,,0,0,,,,,,,,,76,,15,,38,
conex,jobs,,,,used conex jobs,,39,,0,0,,,,,,,,,,,,,39,
conex,jobs,,,,used conex job,,32,,0,0,,,,,,,,,,,,,32,
conex,near,,,,conex near me,,7,,6,6,250,,,,9,4,,11,12,,8,11,,7
conex,near,,,,conex shipping containers for sale near me,,14,,4,4,320,,,,,,,,,9,9,11,,14
conex,near,box,,,conex box near me,,14,,2,2,170,,,,,,,,,,,,14,
conex storage,,,,,conex storage containers for sale,,18,,8,8,870,,45,,47,48,23,20,,,29,22,,18
conex storage,,,,,conex storage boxes,,43,,0,0,145,,13,14,38,22,,22,27,,33,23,,43
conex storage,near,,,,conex storage containers for sale near me,,23,,6,6,870,,,,,,,,,,13,23,,
conex storage,near,,,,conex storage containers near me,,15,,2,2,200,,,,,,,,,,12,15,,
conex storage,near,,,,storage conex for sale near me,,38,,0,0,,,,,,,,,76,,15,,38,
container,,,,,intermodal container sales,,78,,0,0,110,,,,,,53,,54,,59,78,,
container,,,,,storage container denver,,96,,0,0,80,,,,,,,,,,,,,96
container,,,,,cargo container sales,,56,,0,0,44,,,,,,,,,48,37,56,,
container,,,,,convex storage containers,,43,,0,0,24,,,,,,,,,,,,43,
container,,,,,storage containers spokane wa,,84,,0,0,28,,,,,,,,,,,84,,
container,,,,,containers on demand corpus christi,,48,,0,0,,,,,,,,,,,,,48,
container,,,,,oregon cargo containers inc,,52,,0,0,,,,,,,,,,,,52,,
container,,,,,maxwell container sales,,28,,0,0,,,,,,49,15,,32,,22,23,28,
container,,,,,all states containers,,23,,0,0,,,48,,,41,,30,34,,21,21,,23
container,,,,,maxwell containers,,40,,0,0,,,,,,46,,33,80,,32,,,40
container,buy,,,,where to buy conex containers,,29,,0,0,90,,,,,,,,,,65,36,,29
container,buy,,,,where can i buy a conex container,,36,,0,0,,,,,,,,,,30,47,36,,36
container,conex storage,,,,conex storage containers for sale,,18,,8,8,870,,45,,47,48,23,20,,,29,22,,18
container,conex storage,,,,conex storage containers for sale near me,,23,,6,6,870,,,,,,,,,,13,23,,
container,conex storage,,,,conex storage containers near me,,15,,2,2,200,,,,,,,,,,12,15,,
container,nc,,,,container home for sale nc,,59,,0,0,28,,,,,,,50,,,,,59,
container,nc,,,,storage containers for sale in nc,,32,,0,0,,,,,,,34,,,32,,32,,
container,nc,fayetteville,,,storage containers fayetteville nc,,10,,1,1,70,,,,,,,,,,,,10,
container,shipping,,,,conex shipping containers for sale near me,,14,,4,4,320,,,,,,,,,9,9,11,,14
container,shipping,,,,shipping containers for sale spokane,,20,,3,3,380,,,,,,,,,,96,20,,
container,shipping,,,,conex shipping container for sale,,16,,2,2,210,,,,,,,,,,,,16,
container,shipping,,,,free shipping containers,,36,,1,1,380,,,,,,25,,,38,,,36,
container,shipping,,,,shipping container north carolina,,40,,0,0,165,,,,,,,,,,,,40,
container,shipping,,,,how to get free shipping containers,,49,,0,0,135,,,,,,,,,,55,54,,49
container,shipping,,,,shipping containers for sale in sc,,66,,0,0,165,,,,,,,,,,,,66,
container,shipping,,,,free shipping container,,54,,0,0,135,,,,,,24,,36,,31,,,54
container,shipping,,,,shipping containers for sale colorado,,38,,0,0,90,,,,,,,,,,,38,,
container,shipping,,,,shipping containers for sale in denver,,20,,0,0,44,,,,,,,,,,,80,,20
container,shipping,,,,shipping containers for sale in north carolina,,35,,0,0,70,,,,,,,,26,84,,36,35,
container,shipping,,,,shipping containers for sale north carolina,,30,,0,0,55,,,,,,,25,,30,,,30,
container,shipping,,,,shipping container dealer,,50,,0,0,80,,,,,,,,,,,,,50
container,shipping,,,,military shipping containers,,90,,0,0,125,,,,,,,,,,,,,90
container,shipping,,,,grants pass shipping containers,,99,,0,0,135,,,,,,,,,,,,99,
container,shipping,,,,how to get a free shipping container,,63,,0,0,55,,,,,,,,,,67,,,63
container,shipping,,,,shipping containers colorado,,53,,0,0,44,,,,,,,,,,,,53,
container,shipping,,,,shipping container for sale south carolina,,49,,0,0,40,,,,,,,,,,,,,49
container,shipping,,,,shipping containers for sale in wyoming,,80,,0,0,40,,,,,,,,,,,80,,
container,shipping,,,,shipping containers grants pass,,74,,0,0,28,,,,,,,,,,,,,74
container,shipping,,,,shipping containers charleston sc,,77,,0,0,28,,,,,,,,,,,,,77
container,shipping,,,,shipping containers for sale cleveland ohio,,91,,0,0,30,,,,,,,,,,83,,,91
container,shipping,,,,shipping containers in colorado,,46,,0,0,12,,,,,,,,,,,46,,
container,shipping,,,,shipping containers for sale asheville,,52,,0,0,,,,,,,,,,,,,52,
container,shipping,,,,colorado shipping containers for sale,,21,,0,0,,,,,,,,,,,,19,21,
container,shipping,,,,shipping containers for sale wv,,78,,0,0,,,,,,,,,,,,78,,
container,shipping,,,,shipping containers north carolina,,32,,0,0,,,,,,,,28,,33,,,32,
container,shipping,,,,shipping containers for sale gainesville ga,,51,,0,0,,,,,,,,,,,,,51,
container,shipping,,,,shipping containers in north carolina,,34,,0,0,,,,,,,,,31,,,,,34
container,shipping,,,,shipping containers south carolina,,63,,0,0,,,,,,,,,,,,63,,
container,shipping,,,,transmission shipping containers,,90,,0,0,,,,,,,,,,,,90,,
container,shipping,,,,shipping containers for sale charlotte,,33,,0,0,,,,,,,,,,,,,33,
container,shipping,,,,shipping container grants pass,,90,,0,0,,,,,,,,,,,,,90,
container,shipping,,,,army surplus shipping containers,,56,,0,0,,,,,,,,,,42,,,56,
container,shipping,,,,shipping container corporation,,98,,0,0,,,,,,33,,46,,,37,98,,
container,shipping,,,,shipping container companies in usa,,86,,0,0,,,,,,,,,,,,,86,
container,shipping,,,,shipping container companies usa,,91,,0,0,,,,,,,,,,,,,91,
container,shipping,buy,,,who buys shipping containers,,19,,0,0,28,,,,,,,,,,,19,,
container,shipping,nc,fayetteville,,shipping containers for sale fayetteville nc,,6,,2,2,100,,,,,,,14,,18,7,6,,
container,shipping,nc,,,shipping containers for sale nc,,15,,2,2,180,,,,,,,21,,,,,15,
container,shipping,nc,,,shipping containers for sale in nc,,27,,2,2,300,,,,,,,,,28,,,27,
container,shipping,nc,,,shipping containers for sale in greensboro nc,,63,,0,0,150,,,,,,,,,,,,63,
container,shipping,nc,,,shipping containers for sale wilmington nc,,54,,0,0,125,,,,,,,,,,,50,,54
container,shipping,nc,,,shipping container nc,,31,,0,0,40,,,,,,,17,,,,,31,
container,shipping,nc,,,shipping containers in nc,,32,,0,0,40,,,,,,,32,27,,35,,,32
container,shipping,nc,,,shipping containers for sale charlotte nc,,52,,0,0,44,,,,,,,,,,,,,52
container,shipping,nc,,,shipping containers for sale in raleigh nc,,67,,0,0,,,,,,,,,,,,,,67
container,shipping,nc,,,shipping containers nc,,29,,0,0,,,91,,,,23,24,,,,,29,
container,shipping,nc,fayetteville,,shipping containers for sale fayetteville nc,,7,,0,0,,,,,,,,,,,,,,7
nc,,,,,shipping containers for sale nc,,15,,2,2,180,,,,,,,21,,,,,15,
nc,,,,,shipping containers for sale in nc,,27,,2,2,300,,,,,,,,,28,,,27,
nc,,,,,shipping containers for sale in greensboro nc,,63,,0,0,150,,,,,,,,,,,,63,
nc,,,,,shipping containers for sale wilmington nc,,54,,0,0,125,,,,,,,,,,,50,,54
nc,,,,,shipping container nc,,31,,0,0,40,,,,,,,17,,,,,31,
nc,,,,,shipping containers in nc,,32,,0,0,40,,,,,,,32,27,,35,,,32
nc,,,,,shipping containers for sale charlotte nc,,52,,0,0,44,,,,,,,,,,,,,52
nc,,,,,container home for sale nc,,59,,0,0,28,,,,,,,50,,,,,59,
nc,,,,,shipping containers for sale in raleigh nc,,67,,0,0,,,,,,,,,,,,,,67
nc,,,,,shipping containers nc,,29,,0,0,,,91,,,,23,24,,,,,29,
nc,,,,,storage containers for sale in nc,,32,,0,0,,,,,,,34,,,32,,32,,
nc,fayetteville,,,,shipping containers for sale fayetteville nc,,6,,2,2,100,,,,,,,14,,18,7,6,,
nc,fayetteville,,,,storage containers fayetteville nc,,10,,1,1,70,,,,,,,,,,,,10,
nc,fayetteville,,,,shipping containers for sale fayetteville nc,,7,,0,0,,,,,,,,,,,,,,7
near,,,,,conex storage containers for sale near me,,23,,6,6,870,,,,,,,,,,13,23,,
near,,,,,conex near me,,7,,6,6,250,,,,9,4,,11,12,,8,11,,7
near,,,,,conex shipping containers for sale near me,,14,,4,4,320,,,,,,,,,9,9,11,,14
near,,,,,conex storage containers near me,,15,,2,2,200,,,,,,,,,,12,15,,
near,,,,,conex box near me,,14,,2,2,170,,,,,,,,,,,,14,
near,,,,,storage conex for sale near me,,38,,0,0,,,,,,,,,76,,15,,38,
north,,,,,shipping container north carolina,,40,,0,0,165,,,,,,,,,,,,40,
north,,,,,shipping containers for sale in north carolina,,35,,0,0,70,,,,,,,,26,84,,36,35,
north,,,,,shipping containers for sale north carolina,,30,,0,0,55,,,,,,,25,,30,,,30,
north,,,,,shipping containers north carolina,,32,,0,0,,,,,,,,28,,33,,,32,
north,,,,,shipping containers in north carolina,,34,,0,0,,,,,,,,,31,,,,,34
other,,,,,duncan sales llc,,52,,0,0,15,,,,,,,,38,,,,52,
other,,,,,connex price,,92,,0,0,24,,,,,,,,,,,65,,92
other,,,,,freedom warehousing,,33,,0,0,,,97,,,,,,,,,33,,
other,,,,,used conex.com,,19,,0,0,,,,,,,,,,,,,19,
shipping,,,,,conex shipping containers for sale near me,,14,,4,4,320,,,,,,,,,9,9,11,,14
shipping,,,,,shipping containers for sale spokane,,20,,3,3,380,,,,,,,,,,96,20,,
shipping,,,,,conex shipping container for sale,,16,,2,2,210,,,,,,,,,,,,16,
shipping,,,,,shipping containers for sale in sc,,66,,0,0,165,,,,,,,,,,,,66,
shipping,,,,,shipping containers for sale in denver,,20,,0,0,44,,,,,,,,,,,80,,20
shipping,,,,,shipping container dealer,,50,,0,0,80,,,,,,,,,,,,,50
shipping,,,,,who buys shipping containers,,19,,0,0,28,,,,,,,,,,,19,,
shipping,,,,,military shipping containers,,90,,0,0,125,,,,,,,,,,,,,90
shipping,,,,,shipping container for sale south carolina,,49,,0,0,40,,,,,,,,,,,,,49
shipping,,,,,shipping containers for sale in wyoming,,80,,0,0,40,,,,,,,,,,,80,,
shipping,,,,,shipping containers charleston sc,,77,,0,0,28,,,,,,,,,,,,,77
shipping,,,,,shipping containers for sale cleveland ohio,,91,,0,0,30,,,,,,,,,,83,,,91
shipping,,,,,shipping containers for sale asheville,,52,,0,0,,,,,,,,,,,,,52,
shipping,,,,,shipping containers for sale wv,,78,,0,0,,,,,,,,,,,,78,,
shipping,,,,,shipping containers for sale gainesville ga,,51,,0,0,,,,,,,,,,,,,51,
shipping,,,,,shipping containers south carolina,,63,,0,0,,,,,,,,,,,,63,,
shipping,,,,,transmission shipping containers,,90,,0,0,,,,,,,,,,,,90,,
shipping,,,,,shipping containers for sale charlotte,,33,,0,0,,,,,,,,,,,,,33,
shipping,,,,,army surplus shipping containers,,56,,0,0,,,,,,,,,,42,,,56,
shipping,,,,,shipping container corporation,,98,,0,0,,,,,,33,,46,,,37,98,,
shipping,,,,,shipping container companies in usa,,86,,0,0,,,,,,,,,,,,,86,
shipping,,,,,shipping container companies usa,,91,,0,0,,,,,,,,,,,,,91,
shipping,colorado,,,,shipping containers for sale colorado,,38,,0,0,90,,,,,,,,,,,38,,
shipping,colorado,,,,shipping containers colorado,,53,,0,0,44,,,,,,,,,,,,53,
shipping,colorado,,,,shipping containers in colorado,,46,,0,0,12,,,,,,,,,,,46,,
shipping,colorado,,,,colorado shipping containers for sale,,21,,0,0,,,,,,,,,,,,19,21,
shipping,free,,,,free shipping containers,,36,,1,1,380,,,,,,25,,,38,,,36,
shipping,free,,,,how to get free shipping containers,,49,,0,0,135,,,,,,,,,,55,54,,49
shipping,free,,,,free shipping container,,54,,0,0,135,,,,,,24,,36,,31,,,54
shipping,free,,,,how to get a free shipping container,,63,,0,0,55,,,,,,,,,,67,,,63
shipping,grants,,,,grants pass shipping containers,,99,,0,0,135,,,,,,,,,,,,99,
shipping,grants,,,,shipping containers grants pass,,74,,0,0,28,,,,,,,,,,,,,74
shipping,grants,,,,shipping container grants pass,,90,,0,0,,,,,,,,,,,,,90,
shipping,nc,,,,shipping containers for sale fayetteville nc,,6,,2,2,100,,,,,,,14,,18,7,6,,
shipping,nc,,,,shipping containers for sale nc,,15,,2,2,180,,,,,,,21,,,,,15,
shipping,nc,,,,shipping containers for sale in nc,,27,,2,2,300,,,,,,,,,28,,,27,
shipping,nc,,,,shipping containers for sale in greensboro nc,,63,,0,0,150,,,,,,,,,,,,63,
shipping,nc,,,,shipping containers for sale wilmington nc,,54,,0,0,125,,,,,,,,,,,50,,54
shipping,nc,,,,shipping container nc,,31,,0,0,40,,,,,,,17,,,,,31,
shipping,nc,,,,shipping containers in nc,,32,,0,0,40,,,,,,,32,27,,35,,,32
shipping,nc,,,,shipping containers for sale charlotte nc,,52,,0,0,44,,,,,,,,,,,,,52
shipping,nc,,,,shipping containers for sale in raleigh nc,,67,,0,0,,,,,,,,,,,,,,67
shipping,nc,,,,shipping containers nc,,29,,0,0,,,91,,,,23,24,,,,,29,
shipping,nc,,,,shipping containers for sale fayetteville nc,,7,,0,0,,,,,,,,,,,,,,7
shipping,north,,,,shipping container north carolina,,40,,0,0,165,,,,,,,,,,,,40,
shipping,north,,,,shipping containers for sale in north carolina,,35,,0,0,70,,,,,,,,26,84,,36,35,
shipping,north,,,,shipping containers for sale north carolina,,30,,0,0,55,,,,,,,25,,30,,,30,
shipping,north,,,,shipping containers north carolina,,32,,0,0,,,,,,,,28,,33,,,32,
shipping,north,,,,shipping containers in north carolina,,34,,0,0,,,,,,,,,31,,,,,34
storage,,,,,storage containers fayetteville nc,,10,,1,1,70,,,,,,,,,,,,10,
storage,,,,,storage container denver,,96,,0,0,80,,,,,,,,,,,,,96
storage,,,,,convex storage containers,,43,,0,0,24,,,,,,,,,,,,43,
storage,,,,,storage containers spokane wa,,84,,0,0,28,,,,,,,,,,,84,,
storage,,,,,conax storage,,35,,0,0,,,,,,,,,,,,,35,
storage,,,,,storage containers for sale in nc,,32,,0,0,,,,,,,34,,,32,,32,,
storage,conex storage,,,,conex storage containers for sale,,18,,8,8,870,,45,,47,48,23,20,,,29,22,,18
storage,conex storage,,,,conex storage containers for sale near me,,23,,6,6,870,,,,,,,,,,13,23,,
storage,conex storage,,,,conex storage containers near me,,15,,2,2,200,,,,,,,,,,12,15,,
storage,conex storage,,,,conex storage boxes,,43,,0,0,145,,13,14,38,22,,22,27,,33,23,,43
storage,conex storage,,,,storage conex for sale near me,,38,,0,0,,,,,,,,,76,,15,,38,
