Keyword,Top Ranked URL,Rank,Rank Change,Search Volume,Ranking Difficulty,Broad Cost Per Click,Phrase Cost Per Click,Exact Cost Per Click,SEO Clicks,SEO Clicks Change,Total Monthly Clicks,Mobile Search Percent,Desktop Search Percent,Searches Not Clicked Percent,Paid Clicks Percent,Organic Clicks Percent,Broad Monthly Cost,Phrase Monthly Cost,Exact Monthly Cost,Ads,Number of Ranking Homepages,Your Rank,Your Rank Change,Your URL
conex box,https://www.freedomconex.com/,39,6,3800,28,2.12,1.3,1.02,18,2,1700,0.670549740490682,0.329450259509318,0.549429657794677,0.291139239892111,0.708860757998184,199.5,716.7,466.5,0,20,,,
conex storage container,https://www.freedomconex.com/,14,-1,840,28,2.3,,2.88,12,0,420,0.627142857142857,0.372857142857143,0.514285714285714,,,109.8,0.0,0.0,0,26,,,
conex storage containers for sale,https://www.freedomconex.com/,18,4,870,25,0.64,,2.89,9,2,510,,,,,,45.3,0.0,0.0,0,36,,,
conex near me,https://www.freedomconex.com/,7,4,250,41,6.17,,,6,2,260,,,,,,,,,0,33,,,
conex containers for sale,https://www.freedomconex.com/,11,0,320,35,1.01,1.58,1.25,5,0,240,0.561386287432073,0.438613712567927,0.21505376344086,0.246575339088009,0.753424647213361,45.0,9.0,9.0,0,34,,,
shipping conex,https://www.freedomconex.com/,19,,510,18,,,,5,,0,,,,,,,,,0,37,,,
conex shipping containers for sale near me,https://www.freedomconex.com/,14,-3,320,25,,,,4,-1,110,,,,,,0.0,,0.0,4,28,,,
shipping containers for sale fayetteville nc,https://www.freedomconex.com/,6,1,100,16,,,,3,1,100,,,,,,,,,0,32,,,
conex box near me,https://www.freedomconex.com/,14,,170,41,,,,2,,175,,,,,,,,,1,43,,,
shipping containers for sale nc,https://www.freedomconex.com/,15,0,180,17,,,,2,0,400,0.811362847222222,0.188637152777778,0.395833333333333,0.37931033174792,0.620689633769323,,,,0,34,,,
shipping containers for sale in nc,https://www.freedomconex.com/,27,0,300,14,,,,2,0,250,,,,,,0.0,,0.0,2,32,,,
conex storage unit,https://www.freedomconex.com/,13,2,150,33,,,,2,0,80,,,,,,,,,0,40,,,
conex shipping container for sale,https://www.freedomconex.com/,16,0,210,19,3.98,,,2,0,145,,,,,,,,,1,46,,,
free shipping containers,https://www.freedomconex.com/,36,2,380,55,,,,2,0,260,0.605327746886992,0.394672253113008,0.336283185840708,,,,,,0,25,,,
shipping container conex,https://www.freedomconex.com/,29,-12,85,17,4.55,,,1,0,14,,,,,,,,,0,41,,,
conex shipping,https://www.freedomconex.com/,26,,180,31,3.21,6.62,3.98,1,,0,,,,,,1.57,0.09,,0,31,,,
shipping container for sale nc,https://www.freedomconex.com/,28,-2,125,12,,,,1,0,100,,,,,,,,,7,23,,,
conex military,https://www.freedomconex.com/,16,-1,50,14,,,,1,0,,,,,,,,,,0,9,,,
storage containers for sale nc,https://www.freedomconex.com/,27,-6,80,14,,,,1,0,70,,,,,,0.0,,0.0,1,36,,,
conex shipping container,https://www.freedomconex.com/,15,3,44,26,5.21,6.05,6.12,1,1,12,0.659349112426036,0.340650887573964,0.743589743589744,,,171.38,3.15,22.3,0,26,,,
conex llc,https://www.freedomconex.com/,11,-2,90,50,,,,1,-1,60,,,,,,,,,0,41,,,
connex army,https://www.freedomconex.com/,42,-12,180,21,,,,1,0,100,,,,,,0.0,,0.0,0,8,,,
storage containers fayetteville nc,https://www.freedomconex.com/,10,0,70,24,,,,1,0,12,,,,,,0.0,,0.0,1,20,,,
shipping container north carolina,https://www.freedomconex.com/,40,0,165,23,,,,1,0,135,,,,,,0.0,,0.0,4,39,,,
conex delivery,https://www.freedomconex.com/,10,,80,17,,,,1,,,,,,,,,,,0,25,,,
conex storage box,https://www.freedomconex.com/,31,-10,220,24,3.99,13.85,7.28,1,-1,110,,,,,,6.38,0.5,1.21,0,36,,,
conex storage boxes,https://www.freedomconex.com/,43,-20,145,21,1.86,5.1,5.1,1,0,0,,,,,,65.7,0.6,2.14,0,29,,,
where to buy conex containers,https://www.freedomconex.com/,29,7,90,40,,,,1,1,90,,,,,,0.0,,0.0,0,29,,,
conex storage container for sale,https://www.freedomconex.com/,14,0,105,25,,,,1,0,55,,,,,,,,,0,30,,,
how to get free shipping containers,https://www.freedomconex.com/,49,5,135,29,0.96,,,1,1,55,,,,,,,,,0,24,,,
metal storage container for sale,https://www.freedomconex.com/,84,,3,28,,,,0,,,,,,,,,,,0,45,,,
shipping containers for sale in north carolina,https://www.freedomconex.com/,35,0,70,13,,,,0,0,12,,,,,,,,,2,23,,,
conexs for sale,https://www.freedomconex.com/,11,4,12,22,,,,0,0,12,,,,,,,,,2,33,,,
buy used conex box,https://www.freedomconex.com/,36,,28,23,5.91,,,0,,28,,,,,,,,,0,27,,,
shipping container for sale south carolina,https://www.freedomconex.com/,49,,40,9,,,,0,,40,,,,,,0.0,,0.0,0,27,,,
shipping containers for sale north carolina,https://www.freedomconex.com/,30,0,55,13,,,,0,0,12,,,,,,0.0,,0.0,0,24,,,
conex or connex,https://www.freedomconex.com/,35,-24,44,24,,,,0,-1,9,,,,,,0.0,,0.0,0,14,,,
conex solutions,https://www.freedomconex.com/,21,,12,29,,,,0,,12,,,,,,0.0,,0.0,0,41,,,
conex price,https://www.freedomconex.com/,23,3,12,27,,,,0,0,0,,,,,,,,,0,17,,,
conex llc,https://www.freedomconex.com/about-us,71,-2,90,50,,,,0,-2,60,,,,,,,,,0,41,,,
conex container for sale,https://www.freedomconex.com/,24,-2,44,21,7.52,7.24,5.68,0,0,30,0.550395061728395,0.449604938271605,0.333333333333333,0.433333318888889,0.566666647777778,92.3,9.44,21.57,0,35,,,
shipping containers for sale in denver,https://www.freedomconex.com/,20,60,44,10,,,,0,0,44,,,,,,0.0,,0.0,0,19,,,
conex units,https://www.freedomconex.com/,17,0,28,24,5.21,,,0,0,0,,,,,,,,,4,25,,,
storage container denver,https://www.freedomconex.com/,96,,80,18,2.46,4.81,4.31,0,,80,,,,,,3.9,3.6,0.12,0,22,,,
shipping containers for sale cleveland ohio,https://www.freedomconex.com/,91,,30,8,,,,0,,32,,,,,,,,,0,20,,,
cargo container sales,https://www.freedomconex.com/,56,-19,44,34,,,,0,0,34,,,,,,,,,0,51,,,
free shipping container,https://www.freedomconex.com/,54,,135,47,,,,0,,60,,,,,,,,,0,30,,,
conex military,https://www.freedomconex.com/about-us,74,-1,50,14,,,,0,-1,,,,,,,,,,0,9,,,
shipping container dealer,https://www.freedomconex.com/,50,,80,20,,,,0,,12,,,,,,0.0,,0.0,0,62,,,
shipping containers colorado,https://www.freedomconex.com/,53,,44,15,,,,0,,44,,,,,,0.0,,0.0,0,25,,,
conex storage,https://www.freedomconex.com/,16,-1,44,26,11.02,11.78,8.39,0,-1,14,0.646575505350773,0.353424494649227,0.689655172413793,,,139.18,3.86,21.3,0,25,,,
container home for sale nc,https://www.freedomconex.com/,59,0,28,28,,,,0,0,28,,,,,,,,,0,34,,,
shipping containers for sale in sc,https://www.freedomconex.com/,66,0,165,10,,,,0,0,150,,,,,,0.0,,0.0,2,28,,,
shipping container conex,https://www.freedomconex.com/,31,-12,85,17,4.55,,,0,-1,14,,,,,,,,,0,41,,,
conex shop,https://www.freedomconex.com/,77,,90,29,,,,0,,0,,,,,,0.0,,0.0,0,28,,,
convex storage containers,https://www.freedomconex.com/,43,,24,38,7.55,,,0,,,,,,,,,,,0,29,,,
shipping containers for sale wilmington nc,https://www.freedomconex.com/,54,-4,125,16,,,,0,0,80,,,,,,0.0,,0.0,0,34,,,
connex army,https://www.freedomconex.com/about-us,70,-12,180,21,,,,0,-1,100,,,,,,0.0,,0.0,0,8,,,
40ft conex,https://www.freedomconex.com/,39,,28,9,2.4,,,0,,12,,,,,,,,,0,8,,,
military shipping containers,https://www.freedomconex.com/,90,,125,17,,,,0,,40,,,,,,,,,0,5,,,
duncan sales llc,https://www.freedomconex.com/,52,0,15,39,,,,0,0,,,,,,,,,,0,44,,,
conex shipping containers for sale,https://www.freedomconex.com/,17,2,44,16,,,,0,0,12,,,,,,,,,0,32,,,
conex company,https://www.freedomconex.com/,13,-1,18,58,,,,0,0,0,,,,,,0.0,,0.0,0,45,,,
shipping containers for sale in greensboro nc,https://www.freedomconex.com/,63,0,150,14,,,,0,0,125,,,,,,0.0,,0.0,0,24,,,
conex box military,https://www.freedomconex.com/,28,,40,15,,,,0,,12,,,,,,0.0,,0.0,0,10,,,
shipping container nc,https://www.freedomconex.com/,31,0,40,24,,,,0,0,40,,,,,,,,,0,42,,,
where to buy conex containers,https://www.freedomconex.com/,33,7,90,40,,,,0,0,90,,,,,,0.0,,0.0,0,29,,,
connex price,https://www.freedomconex.com/,92,-27,24,19,,,,0,0,,,,,,,0.0,,0.0,0,8,,,
how to get a free shipping container,https://www.freedomconex.com/,63,4,55,27,1.87,,,0,0,55,,,,,,,,,0,17,,,
grants pass shipping containers,https://www.freedomconex.com/,99,,135,23,,,,0,,100,,,,,,0.0,,0.0,0,25,,,
shipping containers charleston sc,https://www.freedomconex.com/,77,,28,17,,,,0,,12,,,,,,0.0,,0.0,0,23,,,
shipping containers for sale charlotte nc,https://www.freedomconex.com/,52,,44,15,,,,0,,44,,,,,,,,,0,27,,,
where to buy a conex box,https://www.freedomconex.com/,29,9,8,28,,,,0,0,,,,,,,,,,0,44,,,
shipping containers grants pass,https://www.freedomconex.com/,74,,28,20,,,,0,,28,,,,,,0.0,,0.0,0,18,,,
shipping containers in nc,https://www.freedomconex.com/,32,3,40,18,3.68,,,0,0,28,,,,,,,,,0,35,,,
dallas conex,https://www.freedomconex.com/,71,,,22,,,,0,,,,,,,,,,,0,31,,,
used conex review,https://www.freedomconex.com/,34,,,27,,,,0,,,,,,,,,,,0,10,,,
army surplus shipping containers,https://www.freedomconex.com/,56,0,,26,,,,0,,,,,,,,,,,0,12,,,
usedconex com used conex llc,https://www.freedomconex.com/,33,0,,19,,,,0,,,,,,,,,,,0,13,,,
shipping containers in north carolina,https://www.freedomconex.com/,34,,,17,,,,0,,,,,,,,,,,7,31,,,
oregon cargo containers inc,https://www.freedomconex.com/,52,,,36,,,,0,,,,,,,,,,,0,30,,,
shipping container support,https://www.freedomconex.com/,71,-4,,17,,,,0,,,,,,,,,,,0,5,,,
freedom conex llc,https://www.freedomconex.com/,1,0,,38,,,,0,,,,,,,,,,,0,34,,,
carib conex llc,https://www.freedomconex.com/,39,,,12,,,,0,,,,,,,,,,,0,11,,,
conex accessories,https://www.freedomconex.com/,49,10,,18,,,,0,,,,,,,,0.0,,0.0,0,21,,,
shipping containers for sale asheville,https://www.freedomconex.com/,52,0,,23,,,,0,,,,,,,,,,,0,43,,,
conax storage,https://www.freedomconex.com/,35,0,,23,,,,0,,,,,,,,,,,0,13,,,
conex box for sale las vegas,https://www.freedomconex.com/,37,,,21,,,,0,,,,,,,,,,,0,28,,,
conex hub anza,https://www.freedomconex.com/,26,,,19,,,,0,,,,,,,,,,,0,23,,,
used conex careers,https://www.freedomconex.com/hiring,46,11,,37,,,,0,,,,,,,,,,,0,20,,,
storage containers for sale in nc,https://www.freedomconex.com/,32,0,,14,,,,0,,,,,,,,0.0,,0.0,0,30,,,
jobs at used conex llc,https://www.freedomconex.com/hiring,28,10,,21,,,,0,,,,,,,,,,,0,10,,,
colorado shipping containers for sale,https://www.freedomconex.com/,21,0,,14,,,,0,,,,,,,,0.0,,0.0,4,27,,,
conex trucking,https://www.freedomconex.com/,49,,,20,,,,0,,,,,,,,0.0,,0.0,0,35,,,
containers on demand corpus christi,https://www.freedomconex.com/,48,,,30,,,,0,,,,,,,,,,,0,37,,,
conex usa,https://www.freedomconex.com/,22,-3,,58,,,,0,,,,,,,,,,,0,38,,,
conex vs connex,https://www.freedomconex.com/about-us,24,-4,,11,,,,0,,,,,,,,,,,0,7,,,
shipping container companies in usa,https://www.freedomconex.com/,86,0,,70,,,,0,,,,,,,,,,,0,52,,,
shipping container companies usa,https://www.freedomconex.com/,91,0,,69,,,,0,,,,,,,,,,,0,57,,,
used conex llc,https://www.freedomconex.com/,13,4,,49,,,,0,,,,,,,,,,,0,22,,,
used conex jobs,https://www.freedomconex.com/hiring,39,0,,35,,,,0,,,,,,,,,,,0,19,,,
where can i buy a conex container,https://www.freedomconex.com/,36,0,,22,,,,0,,,,,,,,,,,0,36,,,
shipping containers for sale charlotte,https://www.freedomconex.com/,33,0,,13,,,,0,,,,,,,,0.0,,0.0,0,30,,,
shipping containers for sale gainesville ga,https://www.freedomconex.com/,51,0,,22,,,,0,,,,,,,,,,,0,34,,,
shipping container grants pass,https://www.freedomconex.com/,90,0,,22,,,,0,,,,,,,,0.0,,0.0,2,24,,,
shipping containers nc,https://www.freedomconex.com/,29,0,,21,,,,0,,,,,,,,,,,0,39,,,
used conex.com,https://www.freedomconex.com/,19,,,44,,,,0,,,,,,,,,,,3,16,,,
storage conex for sale near me,https://www.freedomconex.com/,38,-23,,24,,,,0,,,,,,,,,,,0,33,,,
sea box connex,https://www.freedomconex.com/,29,,,33,,,,0,,,,,,,,,,,0,43,,,
maxwell container sales,https://www.freedomconex.com/,28,-5,,33,,,,0,,,,,,,,,,,0,45,,,
conex depot inc,https://www.freedomconex.com/,25,24,,33,,,,0,,,,,,,,,,,0,49,,,
american conex,https://www.freedomconex.com/,8,-2,,61,,,,0,,,,,,,,,,,1,35,,,
conex for sale fairbanks ak,https://www.freedomconex.com/,36,3,,12,,,,0,,,,,,,,,,,0,33,,,
shipping containers north carolina,https://www.freedomconex.com/,32,0,,23,,,,0,,,,,,,,,,,0,38,,,
conex for sale anchorage alaska,https://www.freedomconex.com/,46,,,10,,,,0,,,,,,,,,,,0,17,,,
used conex job,https://www.freedomconex.com/,32,0,,45,,,,0,,,,,,,,,,,0,20,,,
shipping containers for sale in raleigh nc,https://www.freedomconex.com/,67,,,16,,,,0,,,,,,,,,,,0,22,,,
all states containers,https://www.freedomconex.com/,23,-2,,61,,,,0,,,,,,,,0.0,,0.0,0,39,,,
conex hub,https://www.freedomconex.com/,37,-5,,39,,,,0,,,,,,,,,,,0,26,,,
shipping containers for sale fayetteville nc,https://www.freedomconex.com/,7,,,17,,,,0,,,,,,,,,,,0,38,,,
maxwell containers,https://www.freedomconex.com/,40,,,41,,,,0,,,,,,,,,,,0,30,,,
